1484,-0.779296875,4.0078125,-0.798828125,0.0,21,1712140661094
1484,-0.787109375,4.0703125,-0.671875,0.0,26,1712140661094
1484,-0.794921875,4.107421875,-0.6796875,0.0,31,1712140661094
1484,-0.80078125,4.13671875,-0.7265625,0.0,25,1712140661094
1484,-0.91796875,4.08203125,-0.357421875,0.12520644037889672,25,1712140661094
1484,-0.794921875,4.146484375,-0.359375,0.12520644037889672,57,1712140661094
1484,-0.80078125,4.185546875,-0.3515625,0.12520644037889672,57,1712140661094
1484,-0.80859375,4.232421875,-0.220703125,0.12520644037889672,30,1712140661094
1484,-0.91796875,4.08984375,-0.25390625,0.25041288075779344,26,1712140661094
1484,-0.927734375,4.130859375,-0.171875,0.25041288075779344,51,1712140661094
1484,-0.935546875,4.169921875,-0.12890625,0.25041288075779344,49,1712140661094
1484,-0.80859375,4.234375,0.1484375,0.25041288075779344,28,1712140661094
1484,-0.91796875,4.09765625,0.087890625,0.6260322018944836,36,1712140661094
1484,-0.927734375,4.134765625,0.021484375,0.6260322018944836,30,1712140661094
1484,-0.91015625,4.046875,0.34375,0.7512386422733803,45,1712140661094
1484,-0.91796875,4.0859375,0.314453125,0.7512386422733803,78,1712140661094
1484,-0.927734375,4.12890625,0.224609375,0.7512386422733803,66,1712140661094
1484,-0.935546875,4.171875,0.009765625,0.7512386422733803,30,1712140661094
1484,-0.779296875,4.03515625,0.65234375,0.876445082652277,30,1712140661094
1484,-0.91796875,4.056640625,0.58203125,0.876445082652277,52,1712140661094
1484,-0.927734375,4.107421875,0.46875,0.876445082652277,47,1712140661094
1484,-0.935546875,4.16796875,0.20703125,0.876445082652277,28,1712140661094
1484,-0.64453125,3.90625,-1.150390625,-0.12520644037889672,26,1712140661094
1484,-0.650390625,3.974609375,-1.044921875,-0.12520644037889672,42,1712140661094
1484,-0.525390625,4.029296875,-1.056640625,-0.12520644037889672,37,1712140661094
1484,-0.794921875,4.01953125,-1.080078125,-0.12520644037889672,24,1712140661094
1485,-0.650390625,4.02734375,-0.81640625,0.0,15,1712140661194
1485,-1.05859375,4.08984375,-0.318359375,0.12520644037889672,26,1712140661194
1485,-0.935546875,4.15625,-0.36328125,0.12520644037889672,36,1712140661194
1485,-0.943359375,4.201171875,-0.2734375,0.12520644037889672,22,1712140661194
1485,-1.05859375,4.099609375,-0.177734375,0.25041288075779344,38,1712140661194
1485,-1.068359375,4.134765625,-0.20703125,0.25041288075779344,51,1712140661194
1485,-1.078125,4.17578125,-0.09765625,0.25041288075779344,32,1712140661194
1485,-1.19140625,4.0625,-0.177734375,0.37561932113669017,22,1712140661194
1485,-0.935546875,4.171875,-0.03125,0.37561932113669017,31,1712140661194
1485,-1.203125,4.103515625,-0.052734375,0.5008257615155869,20,1712140661194
1485,-1.203125,4.083984375,-0.3984375,0.6260322018944836,29,1712140661194
1485,-1.212890625,4.115234375,-0.4453125,0.6260322018944836,25,1712140661194
1485,-1.05859375,4.103515625,0.03515625,0.7512386422733803,37,1712140661194
1485,-1.203125,4.103515625,-0.009765625,0.7512386422733803,68,1712140661194
1485,-1.078125,4.177734375,-0.033203125,0.7512386422733803,61,1712140661194
1485,-1.087890625,4.212890625,-0.048828125,0.7512386422733803,23,1712140661194
1485,-1.05859375,4.08984375,0.330078125,0.876445082652277,33,1712140661194
1485,-1.068359375,4.1328125,0.234375,0.876445082652277,59,1712140661194
1485,-1.078125,4.173828125,0.169921875,0.876445082652277,49,1712140661194
1485,-0.64453125,3.951171875,-0.982421875,-0.12520644037889672,35,1712140661194
1485,-0.650390625,3.99609375,-0.962890625,-0.12520644037889672,42,1712140661194
1485,-0.525390625,4.04296875,-1.005859375,-0.12520644037889672,28,1712140661194
1486,-0.935546875,4.134765625,-0.55859375,0.0,22,1712140661295
1486,-1.078125,4.14453125,-0.5234375,0.0,20,1712140661295
1486,-0.927734375,4.134765625,-0.0703125,0.12520644037889672,25,1712140661295
1486,-0.935546875,4.162109375,-0.275390625,0.12520644037889672,45,1712140661295
1486,-0.943359375,4.201171875,-0.267578125,0.12520644037889672,39,1712140661295
1486,-1.068359375,4.140625,-0.0234375,0.25041288075779344,31,1712140661295
1486,-1.212890625,4.13671875,-0.171875,0.25041288075779344,31,1712140661295
1486,-1.34765625,4.091796875,-0.216796875,0.37561932113669017,42,1712140661295
1486,-1.224609375,4.169921875,-0.228515625,0.37561932113669017,53,1712140661295
1486,-1.212890625,4.138671875,0.0546875,0.5008257615155869,54,1712140661295
1486,-1.224609375,4.17578125,0.048828125,0.5008257615155869,75,1712140661295
1486,-1.34765625,4.08203125,0.369140625,0.6260322018944836,25,1712140661295
1486,-1.359375,4.12109375,0.328125,0.6260322018944836,37,1712140661295
1486,-0.650390625,3.908203125,-1.271484375,-0.12520644037889672,18,1712140661295
1487,-0.39453125,3.849609375,-1.630859375,-0.12520644037889672,18,1712140661395
1487,-0.396484375,3.921875,-1.556640625,-0.12520644037889672,20,1712140661395
1489,-1.224609375,4.109375,-0.7421875,-0.25041288075779344,32,1712140661596
1489,-0.529296875,4.01953125,-1.232421875,-0.12520644037889672,27,1712140661596
1489,-0.53515625,4.033203125,-1.314453125,-0.12520644037889672,22,1712140661596
1490,-0.935546875,4.126953125,-0.609375,-0.25041288075779344,23,1712140661696
1490,-0.943359375,4.142578125,-0.75,-0.25041288075779344,21,1712140661696
1490,-0.927734375,4.03515625,-0.90625,-0.12520644037889672,17,1712140661696
1490,-0.935546875,4.14453125,-0.484375,-0.12520644037889672,23,1712140661696
1491,-0.525390625,4.05078125,-0.970703125,0.0,18,1712140661797
1491,-0.662109375,4.1171875,-0.751953125,0.0,29,1712140661797
1491,-0.66796875,4.166015625,-0.6953125,0.0,29,1712140661797
1491,-0.80859375,4.177734375,-0.7109375,0.0,19,1712140661797
1491,-0.396484375,4.01171875,-1.30859375,-0.25041288075779344,27,1712140661797
1491,-0.66796875,4.0546875,-1.18359375,-0.25041288075779344,28,1712140661797
1491,-0.525390625,3.982421875,-1.228515625,-0.12520644037889672,36,1712140661797
1491,-0.529296875,4.05859375,-1.099609375,-0.12520644037889672,55,1712140661797
1491,-0.66796875,4.103515625,-0.998046875,-0.12520644037889672,54,1712140661797
1491,-0.80859375,4.11328125,-1.01953125,-0.12520644037889672,35,1712140661797
1492,-0.51953125,4.03125,-0.89453125,0.0,14,1712140661897
1492,-0.39453125,4.05078125,-1.03125,0.0,18,1712140661897
1492,-0.662109375,4.1171875,-0.7578125,0.0,13,1712140661897
1492,-0.650390625,4.048828125,-0.703125,0.12520644037889672,25,1712140661897
1492,-0.525390625,4.1015625,-0.73046875,0.12520644037889672,35,1712140661897
1492,-0.662109375,4.115234375,-0.765625,0.12520644037889672,28,1712140661897
1492,-0.390625,3.921875,-1.3359375,-0.37561932113669017,31,1712140661897
1492,-0.39453125,4.0078125,-1.1875,-0.37561932113669017,41,1712140661897
1492,-0.529296875,4.04296875,-1.15625,-0.37561932113669017,31,1712140661897
1492,-0.390625,4.005859375,-1.056640625,-0.25041288075779344,36,1712140661897
1492,-0.39453125,4.060546875,-0.994140625,-0.25041288075779344,45,1712140661897
1492,-0.529296875,4.091796875,-0.962890625,-0.25041288075779344,29,1712140661897
1492,-0.39453125,4.046875,-1.048828125,-0.12520644037889672,16,1712140661897
1493,-0.390625,3.994140625,-1.1015625,-0.37561932113669017,19,1712140661947
1494,-0.51953125,4.091796875,-0.55078125,0.0,16,1712140662098
1494,-0.525390625,4.16015625,-0.224609375,0.0,13,1712140662098
1494,-0.51953125,4.07421875,-0.671875,-0.12520644037889672,29,1712140662098
1494,-0.39453125,4.12890625,-0.658203125,-0.12520644037889672,27,1712140662098
1494,-1.212890625,4.07421875,-0.73046875,-0.12520644037889672,27,1712140662098
1495,-1.203125,4.04296875,-0.6953125,-0.37561932113669017,30,1712140662198
1495,-1.34765625,4.03515625,-0.7109375,-0.37561932113669017,36,1712140662198
1495,-1.49609375,4.021484375,-0.7265625,-0.37561932113669017,21,1712140662198
1495,-1.203125,4.08203125,-0.423828125,-0.25041288075779344,55,1712140662198
1495,-1.212890625,4.1171875,-0.423828125,-0.25041288075779344,65,1712140662198
1495,-1.359375,4.125,-0.271484375,-0.25041288075779344,36,1712140662198
1495,0.0,4.005859375,-0.5703125,-0.12520644037889672,15,1712140662198
1495,-1.470703125,4.015625,0.015625,-0.12520644037889672,35,1712140662198
1495,-1.34765625,4.09765625,-0.0703125,-0.12520644037889672,39,1712140662198
1495,-1.359375,4.134765625,0.01953125,-0.12520644037889672,21,1712140662198
1496,-1.05078125,4.060546875,-0.20703125,0.0,25,1712140662298
1496,-1.05859375,4.103515625,-0.05078125,0.0,61,1712140662298
1496,-1.068359375,4.140625,0.0234375,0.0,66,1712140662298
1496,-1.212890625,4.138671875,0.064453125,0.0,35,1712140662298
1496,-0.51953125,4.115234375,-0.337890625,0.12520644037889672,22,1712140662298
1496,-0.525390625,4.1484375,-0.380859375,0.12520644037889672,27,1712140662298
1496,0.0,4.0390625,-0.232421875,0.25041288075779344,22,1712140662298
1496,0.0,4.044921875,0.087890625,0.37561932113669017,23,1712140662298
1496,-1.203125,4.0859375,-0.380859375,-0.5008257615155869,26,1712140662298
1496,-1.212890625,4.11328125,-0.462890625,-0.5008257615155869,20,1712140662298
1496,-1.32421875,4.025390625,0.00390625,-0.37561932113669017,42,1712140662298
1496,-1.3359375,4.060546875,-0.064453125,-0.37561932113669017,69,1712140662298
1496,-1.34765625,4.09765625,-0.07421875,-0.37561932113669017,56,1712140662298
1496,-1.359375,4.1328125,-0.123046875,-0.37561932113669017,22,1712140662298
1496,-1.05859375,4.0546875,-0.625,-0.25041288075779344,45,1712140662298
1496,-1.203125,4.091796875,-0.294921875,-0.25041288075779344,59,1712140662298
1496,-1.34765625,4.09765625,0.0390625,-0.25041288075779344,42,1712140662298
1496,-0.64453125,3.970703125,-0.90234375,-0.12520644037889672,18,1712140662298
1496,-1.05078125,4.064453125,-0.130859375,-0.12520644037889672,34,1712140662298
1496,-0.927734375,4.12109375,-0.341796875,-0.12520644037889672,90,1712140662298
1496,-0.935546875,4.15625,-0.361328125,-0.12520644037889672,95,1712140662298
1496,-1.078125,4.16015625,-0.376953125,-0.12520644037889672,45,1712140662298
1497,-0.64453125,4.0390625,-0.513671875,0.0,13,1712140662399
1497,-0.51953125,4.083984375,-0.6015625,0.0,15,1712140662399
1497,-1.181640625,3.994140625,0.5390625,0.0,29,1712140662399
1497,-1.05859375,4.087890625,0.345703125,0.0,51,1712140662399
1497,-1.068359375,4.12890625,0.298828125,0.0,40,1712140662399
1497,-1.212890625,4.126953125,0.3203125,0.0,14,1712140662399
1497,-0.650390625,4.107421875,-0.16796875,0.12520644037889672,27,1712140662399
1497,-0.65625,4.138671875,-0.26171875,0.12520644037889672,28,1712140662399
1497,-0.794921875,4.162109375,0.07421875,0.12520644037889672,24,1712140662399
1497,-0.935546875,4.162109375,0.287109375,0.12520644037889672,20,1712140662399
1497,-0.251953125,4.03125,-0.236328125,0.25041288075779344,28,1712140662399
1497,-0.255859375,4.06640625,-0.29296875,0.25041288075779344,32,1712140662399
1497,-0.126953125,4.044921875,-0.01171875,0.5008257615155869,35,1712140662399
1497,-0.255859375,4.076171875,0.04296875,0.5008257615155869,27,1712140662399
1497,-0.126953125,4.03515625,0.287109375,0.6260322018944836,28,1712140662399
1497,-1.181640625,4.029296875,0.080078125,-0.5008257615155869,46,1712140662399
1497,-1.19140625,4.06640625,0.041015625,-0.5008257615155869,74,1712140662399
1497,-1.203125,4.103515625,-0.02734375,-0.5008257615155869,58,1712140662399
1497,-1.078125,4.177734375,0.005859375,-0.5008257615155869,22,1712140662399
1497,-1.181640625,4.01953125,0.28515625,-0.37561932113669017,61,1712140662399
1497,-1.05859375,4.09375,0.271484375,-0.37561932113669017,98,1712140662399
1497,-1.068359375,4.134765625,0.189453125,-0.37561932113669017,75,1712140662399
1497,-1.078125,4.17578125,-0.04296875,-0.37561932113669017,26,1712140662399
1497,-1.05078125,4.064453125,-0.130859375,-0.25041288075779344,79,1712140662399
1497,-1.05859375,4.095703125,-0.25,-0.25041288075779344,121,1712140662399
1497,-1.068359375,4.123046875,-0.37109375,-0.25041288075779344,82,1712140662399
1497,-1.181640625,4.02734375,0.134765625,-0.12520644037889672,67,1712140662399
1497,-1.19140625,4.06640625,0.048828125,-0.12520644037889672,105,1712140662399
1497,-1.203125,4.103515625,-0.01953125,-0.12520644037889672,74,1712140662399
1497,-1.078125,4.17578125,-0.087890625,-0.12520644037889672,23,1712140662399
1498,-0.37890625,4.005859375,-0.435546875,0.0,17,1712140662499
1498,-0.3828125,4.0390625,-0.46875,0.0,34,1712140662499
1498,-0.38671875,4.07421875,-0.505859375,0.0,35,1712140662499
1498,-0.51953125,4.08984375,-0.55859375,0.0,18,1712140662499
1498,-0.37890625,4.02734375,-0.125,0.12520644037889672,42,1712140662499
1498,-0.3828125,4.064453125,-0.146484375,0.12520644037889672,84,1712140662499
1498,-0.38671875,4.099609375,-0.203125,0.12520644037889672,83,1712140662499
1498,-0.259765625,4.1484375,-0.1953125,0.12520644037889672,38,1712140662499
1498,-0.37890625,4.02734375,0.10546875,0.25041288075779344,50,1712140662499
1498,-0.3828125,4.06640625,0.08984375,0.25041288075779344,98,1712140662499
1498,-0.38671875,4.103515625,0.05859375,0.25041288075779344,91,1712140662499
1498,-0.390625,4.142578125,0.048828125,0.25041288075779344,40,1712140662499
1498,-0.37890625,4.013671875,0.357421875,0.37561932113669017,32,1712140662499
1498,-0.3828125,4.060546875,0.23828125,0.37561932113669017,64,1712140662499
1498,-0.38671875,4.09765625,0.255859375,0.37561932113669017,61,1712140662499
1498,-0.390625,4.134765625,0.255859375,0.37561932113669017,28,1712140662499
1498,-0.3828125,4.05078125,0.369140625,0.5008257615155869,25,1712140662499
1498,-0.38671875,4.08203125,0.435546875,0.5008257615155869,27,1712140662499
1498,-1.041015625,4.029296875,0.0,-0.6260322018944836,21,1712140662499
1498,-0.91796875,4.09765625,-0.087890625,-0.6260322018944836,36,1712140662499
1498,-0.927734375,4.130859375,-0.177734375,-0.6260322018944836,29,1712140662499
1498,-1.041015625,4.01171875,0.373046875,-0.5008257615155869,35,1712140662499
1498,-0.91796875,4.0859375,0.31640625,-0.5008257615155869,62,1712140662499
1498,-0.927734375,4.126953125,0.26953125,-0.5008257615155869,54,1712140662499
1498,-0.935546875,4.169921875,0.154296875,-0.5008257615155869,24,1712140662499
1498,-1.181640625,3.931640625,0.8828125,-0.37561932113669017,25,1712140662499
1498,-1.05859375,4.021484375,0.818359375,-0.37561932113669017,25,1712140662499
1499,-0.505859375,4.013671875,-0.099609375,0.0,13,1712140662599
1499,-0.3828125,4.060546875,-0.240234375,0.0,33,1712140662599
1499,-0.38671875,4.091796875,-0.337890625,0.0,34,1712140662599
1499,-0.259765625,4.111328125,-0.583984375,0.0,15,1712140662599
1499,-0.37890625,4.029296875,0.029296875,0.12520644037889672,34,1712140662599
1499,-0.3828125,4.06640625,-0.029296875,0.12520644037889672,80,1712140662599
1499,-0.38671875,4.10546875,-0.04296875,0.12520644037889672,86,1712140662599
1499,-0.390625,4.140625,-0.107421875,0.12520644037889672,44,1712140662599
1499,-0.3828125,4.0546875,0.3203125,0.25041288075779344,27,1712140662599
1499,-0.38671875,4.103515625,0.09765625,0.25041288075779344,23,1712140662599
1499,-0.779296875,4.080078125,0.25,-0.25041288075779344,34,1712140662599
1499,-0.65625,4.138671875,0.267578125,-0.25041288075779344,38,1712140662599
1499,-0.662109375,4.185546875,0.0859375,-0.25041288075779344,27,1712140662599
1499,-0.509765625,4.0,-0.65234375,-0.12520644037889672,28,1712140662599
1499,-0.515625,4.056640625,-0.521484375,-0.12520644037889672,34,1712140662599
1499,-0.650390625,4.109375,-0.0859375,-0.12520644037889672,26,1712140662599
1499,-0.91796875,4.087890625,0.279296875,-0.12520644037889672,24,1712140662599
1499,-0.794921875,4.162109375,-0.03515625,-0.12520644037889672,29,1712140662599
1499,-0.66796875,4.205078125,-0.380859375,-0.12520644037889672,28,1712140662599
1501,-0.505859375,4.01171875,0.16015625,0.0,26,1712140662801
1501,-0.509765625,4.046875,0.205078125,0.0,65,1712140662801
1501,-0.38671875,4.1015625,0.177734375,0.0,73,1712140662801
1501,-0.390625,4.140625,0.138671875,0.0,37,1712140662801
1501,-0.91015625,4.056640625,-0.173828125,0.12520644037889672,22,1712140662801
1501,-0.787109375,4.119140625,-0.234375,0.12520644037889672,35,1712140662801
1501,-0.794921875,4.150390625,-0.328125,0.12520644037889672,28,1712140662801
1501,-0.66796875,4.20703125,-0.376953125,0.12520644037889672,20,1712140662801
1501,-0.90234375,4.01171875,0.3125,0.25041288075779344,24,1712140662801
1501,-0.91015625,4.056640625,0.1875,0.25041288075779344,71,1712140662801
1501,-0.91796875,4.095703125,0.099609375,0.25041288075779344,84,1712140662801
1501,-0.794921875,4.162109375,0.060546875,0.25041288075779344,48,1712140662801
1501,-0.90234375,3.984375,0.55859375,0.37561932113669017,26,1712140662801
1501,-0.91015625,4.03515625,0.455078125,0.37561932113669017,62,1712140662801
1501,-0.91796875,4.080078125,0.375,0.37561932113669017,71,1712140662801
1501,-0.927734375,4.125,0.279296875,0.37561932113669017,38,1712140662801
1501,-0.515625,4.08984375,0.078125,-0.37561932113669017,27,1712140662801
1501,-0.37890625,4.0234375,-0.224609375,-0.25041288075779344,31,1712140662801
1501,-0.3828125,4.0625,-0.185546875,-0.25041288075779344,82,1712140662801
1501,-0.38671875,4.1015625,-0.177734375,-0.25041288075779344,100,1712140662801
1501,-0.390625,4.138671875,-0.173828125,-0.25041288075779344,57,1712140662801
1501,-0.505859375,4.015625,-0.02734375,-0.12520644037889672,53,1712140662801
1501,-0.509765625,4.052734375,-0.029296875,-0.12520644037889672,135,1712140662801
1501,-0.38671875,4.10546875,-0.02734375,-0.12520644037889672,159,1712140662801
1501,-0.51953125,4.12890625,-0.060546875,-0.12520644037889672,83,1712140662801
1502,-0.505859375,4.00390625,0.2890625,0.0,12,1712140662851
1502,-0.3828125,4.04296875,0.439453125,0.0,23,1712140662851
1502,-0.38671875,4.083984375,0.419921875,0.0,21,1712140662851
1502,-0.80078125,4.14453125,-0.685546875,0.0,13,1712140662851
1502,-0.787109375,4.123046875,-0.12890625,0.12520644037889672,23,1712140662851
1502,-0.794921875,4.154296875,-0.26953125,0.12520644037889672,36,1712140662851
1502,-0.80078125,4.1875,-0.322265625,0.12520644037889672,35,1712140662851
1502,-0.66796875,4.208984375,-0.35546875,0.25041288075779344,28,1712140662851
1502,-1.05078125,4.06640625,0.0078125,0.37561932113669017,38,1712140662851
1502,-1.19140625,4.06640625,0.05078125,0.37561932113669017,29,1712140662851
1502,-1.05078125,4.0625,0.16796875,0.5008257615155869,33,1712140662851
1502,-1.05859375,4.103515625,0.044921875,0.5008257615155869,31,1712140662851
1502,-0.38671875,4.095703125,0.2734375,-0.6260322018944836,28,1712140662851
1502,-0.505859375,3.9921875,-0.43359375,-0.5008257615155869,20,1712140662851
1502,-0.37890625,4.029296875,0.017578125,-0.37561932113669017,63,1712140662851
1502,-0.255859375,4.076171875,-0.0234375,-0.37561932113669017,88,1712140662851
1502,-0.38671875,4.103515625,-0.091796875,-0.37561932113669017,58,1712140662851
1502,-0.505859375,4.005859375,0.263671875,-0.25041288075779344,54,1712140662851
1502,-0.3828125,4.056640625,0.27734375,-0.25041288075779344,82,1712140662851
1502,-0.38671875,4.09765625,0.255859375,-0.25041288075779344,61,1712140662851
1503,-0.251953125,4.0234375,0.357421875,0.0,31,1712140663001
1503,-0.255859375,4.056640625,0.41015625,0.0,40,1712140663001
1503,-0.2578125,4.087890625,0.470703125,0.0,26,1712140663001
1503,-0.787109375,4.099609375,-0.453125,0.0,34,1712140663001
1503,-0.794921875,4.12890625,-0.521484375,0.0,71,1712140663001
1503,-0.80078125,4.15625,-0.6015625,0.0,79,1712140663001
1503,-0.943359375,4.169921875,-0.57421875,0.0,44,1712140663001
1503,-0.91796875,4.083984375,-0.3359375,0.12520644037889672,48,1712140663001
1503,-0.794921875,4.1484375,-0.345703125,0.12520644037889672,142,1712140663001
1503,-0.935546875,4.154296875,-0.384765625,0.12520644037889672,173,1712140663001
1503,-0.943359375,4.193359375,-0.369140625,0.12520644037889672,99,1712140663001
1503,-0.951171875,4.240234375,-0.220703125,0.12520644037889672,24,1712140663001
1503,-0.91796875,4.087890625,-0.28515625,0.25041288075779344,40,1712140663001
1503,-0.927734375,4.130859375,-0.189453125,0.25041288075779344,112,1712140663001
1503,-0.935546875,4.16796875,-0.181640625,0.25041288075779344,132,1712140663001
1503,-0.943359375,4.20703125,-0.11328125,0.25041288075779344,74,1712140663001
1503,-1.087890625,4.21484375,-0.0078125,0.25041288075779344,17,1712140663001
1503,-0.927734375,4.130859375,0.203125,0.37561932113669017,21,1712140663001
1503,-1.068359375,4.134765625,0.205078125,0.37561932113669017,21,1712140663001
1503,-1.05859375,4.103515625,-0.02734375,0.5008257615155869,45,1712140663001
1503,-1.068359375,4.138671875,-0.0703125,0.5008257615155869,58,1712140663001
1503,-1.078125,4.173828125,-0.177734375,0.5008257615155869,37,1712140663001
1503,-1.19140625,4.0625,0.18359375,0.6260322018944836,44,1712140663001
1503,-1.203125,4.099609375,0.158203125,0.6260322018944836,65,1712140663001
1503,-1.212890625,4.138671875,0.111328125,0.6260322018944836,45,1712140663001
1503,-1.19140625,4.033203125,0.5234375,0.7512386422733803,26,1712140663001
1503,-1.203125,4.087890625,0.35546875,0.7512386422733803,42,1712140663001
1503,-1.212890625,4.125,0.35546875,0.7512386422733803,32,1712140663001
1503,-0.25,4.0,0.033203125,-0.25041288075779344,23,1712140663001
1503,-0.251953125,4.0390625,-0.001953125,-0.25041288075779344,58,1712140663001
1503,-0.255859375,4.076171875,-0.046875,-0.25041288075779344,71,1712140663001
1503,-0.2578125,4.11328125,-0.087890625,-0.25041288075779344,45,1712140663001
1503,-0.25,4.0,0.03125,-0.12520644037889672,24,1712140663001
1503,-0.126953125,4.04296875,0.125,-0.12520644037889672,68,1712140663001
1503,-0.255859375,4.07421875,0.15625,-0.12520644037889672,87,1712140663001
1503,-0.2578125,4.115234375,0.015625,-0.12520644037889672,58,1712140663001
1503,-0.390625,4.119140625,-0.451171875,-0.12520644037889672,35,1712140663001
1503,-0.525390625,4.103515625,-0.72265625,-0.12520644037889672,30,1712140663001
1504,0.0,4.03515625,-0.294921875,0.25041288075779344,22,1712140663052
1504,0.0,4.076171875,-0.279296875,0.25041288075779344,23,1712140663052
1504,-1.05859375,4.04296875,-0.701171875,0.25041288075779344,20,1712140663052
1504,-0.935546875,4.130859375,-0.587890625,0.25041288075779344,45,1712140663052
1504,-1.078125,4.13671875,-0.580078125,0.25041288075779344,45,1712140663052
1504,-0.951171875,4.203125,-0.611328125,0.25041288075779344,20,1712140663052
1504,0.0,4.044921875,-0.099609375,0.37561932113669017,24,1712140663052
1504,0.0,4.08203125,-0.1484375,0.37561932113669017,27,1712140663052
1504,-1.068359375,4.12890625,-0.3046875,0.37561932113669017,58,1712140663052
1504,-1.078125,4.1640625,-0.3203125,0.37561932113669017,55,1712140663052
1504,-1.203125,4.1015625,-0.14453125,0.5008257615155869,25,1712140663052
1504,-1.078125,4.173828125,-0.154296875,0.5008257615155869,26,1712140663052
1505,-0.51953125,3.98046875,-1.099609375,0.0,19,1712140663152
1505,-0.525390625,4.037109375,-1.02734375,0.0,24,1712140663152
1505,-0.662109375,4.06640625,-0.994140625,0.0,17,1712140663152
1505,-0.7734375,4.0078125,-0.583984375,0.12520644037889672,31,1712140663152
1505,-0.650390625,4.05078125,-0.69140625,0.12520644037889672,47,1712140663152
1505,-0.65625,4.076171875,-0.771484375,0.12520644037889672,56,1712140663152
1505,-0.662109375,4.1015625,-0.8359375,0.12520644037889672,41,1712140663152
1505,-0.650390625,4.103515625,-0.220703125,0.25041288075779344,27,1712140663152
1505,-0.65625,4.12109375,-0.46875,0.25041288075779344,32,1712140663152
1505,-0.529296875,4.1796875,-0.453125,0.25041288075779344,22,1712140663152
1506,-0.390625,3.892578125,-1.41796875,0.12520644037889672,22,1712140663252
1506,-0.26171875,3.966796875,-1.3515625,0.12520644037889672,28,1712140663252
1506,-0.396484375,4.05859375,-1.1484375,0.12520644037889672,22,1712140663252
1506,-0.259765625,4.05078125,-0.91796875,0.25041288075779344,43,1712140663252
1506,-0.26171875,4.107421875,-0.830078125,0.25041288075779344,70,1712140663252
1506,-0.396484375,4.14453125,-0.787109375,0.25041288075779344,56,1712140663252
1506,-0.39453125,4.134765625,-0.62109375,0.37561932113669017,38,1712140663252
1506,-0.396484375,4.201171875,-0.384765625,0.37561932113669017,30,1712140663252
1507,-0.650390625,4.041015625,-0.75390625,0.0,17,1712140663353
1507,-0.65625,4.1171875,-0.498046875,0.0,30,1712140663353
1507,-0.662109375,4.14453125,-0.58984375,0.0,27,1712140663353
1507,-0.779296875,4.06640625,-0.416015625,0.12520644037889672,35,1712140663353
1507,-0.787109375,4.115234375,-0.279296875,0.12520644037889672,61,1712140663353
1507,-0.662109375,4.171875,-0.33984375,0.12520644037889672,57,1712140663353
1507,-0.53515625,4.224609375,-0.38671875,0.12520644037889672,25,1712140663353
1507,-0.787109375,4.12109375,0.154296875,0.25041288075779344,23,1712140663353
1507,-0.662109375,4.185546875,0.015625,0.25041288075779344,22,1712140663353
1508,-0.650390625,4.0703125,-0.576171875,0.0,17,1712140663452
1508,-0.65625,4.07421875,-0.77734375,0.0,24,1712140663452
1508,-0.529296875,4.09765625,-0.9453125,0.0,25,1712140663452
1508,-0.650390625,4.10546875,-0.181640625,0.12520644037889672,43,1712140663452
1508,-0.65625,4.126953125,-0.419921875,0.12520644037889672,54,1712140663452
1508,-0.662109375,4.13671875,-0.63671875,0.12520644037889672,49,1712140663452
1508,-0.53515625,4.201171875,-0.58984375,0.12520644037889672,33,1712140663452
1508,-0.53515625,4.09765625,-1.099609375,-0.37561932113669017,20,1712140663452
1509,-0.529296875,4.115234375,-0.85546875,0.0,23,1712140663553
1509,-0.66796875,4.150390625,-0.78515625,0.0,20,1712140663553
1509,-0.525390625,4.03515625,-1.03515625,-0.12520644037889672,23,1712140663553
1509,-0.529296875,4.05078125,-1.123046875,-0.12520644037889672,37,1712140663553
1509,-0.53515625,4.115234375,-1.033203125,-0.12520644037889672,33,1712140663553
1510,-0.39453125,3.990234375,-1.25,-0.5008257615155869,28,1712140663653
1510,-0.396484375,4.0546875,-1.162109375,-0.5008257615155869,27,1712140663653
1510,-0.390625,3.990234375,-1.1171875,-0.37561932113669017,40,1712140663653
1510,-0.39453125,4.0546875,-1.01953125,-0.37561932113669017,73,1712140663653
1510,-0.396484375,4.115234375,-0.931640625,-0.37561932113669017,68,1712140663653
1510,-0.53515625,4.177734375,-0.736328125,-0.37561932113669017,30,1712140663653
1510,-0.390625,4.0625,-0.814453125,-0.25041288075779344,25,1712140663653
1510,-0.39453125,4.125,-0.67578125,-0.25041288075779344,49,1712140663653
1510,-0.529296875,4.158203125,-0.619140625,-0.25041288075779344,44,1712140663653
1510,-0.53515625,4.2109375,-0.513671875,-0.25041288075779344,20,1712140663653
1511,-0.39453125,4.115234375,-0.73828125,-0.12520644037889672,26,1712140663753
1511,-0.529296875,4.158203125,-0.6171875,-0.12520644037889672,22,1712140663753
1512,-0.7734375,4.01171875,-0.548828125,-0.12520644037889672,26,1712140663854
1512,-0.779296875,4.06640625,-0.408203125,-0.12520644037889672,24,1712140663854
1513,0.0,4.03515625,-0.302734375,0.7512386422733803,22,1712140663954
1513,0.0,4.076171875,-0.263671875,0.7512386422733803,36,1712140663954
1513,0.0,4.1171875,-0.236328125,0.7512386422733803,31,1712140663954
1513,0.0,4.044921875,-0.12109375,0.876445082652277,21,1712140663954
1513,0.0,4.083984375,-0.044921875,0.876445082652277,33,1712140663954
1513,0.0,4.12109375,0.091796875,0.876445082652277,26,1712140663954
1513,-0.64453125,4.068359375,-0.19140625,-0.12520644037889672,27,1712140663954
1513,-0.650390625,4.095703125,-0.33203125,-0.12520644037889672,36,1712140663954
1513,-0.65625,4.08203125,-0.73046875,-0.12520644037889672,31,1712140663954
1513,-0.943359375,4.12109375,-0.861328125,-0.12520644037889672,26,1712140663954
1514,-0.2578125,4.02734375,-0.84375,0.0,20,1712140664055
1514,-0.259765625,4.046875,-0.93359375,0.0,27,1712140664055
1514,-0.39453125,4.068359375,-0.966796875,0.0,16,1712140664055
1514,-0.51953125,4.10546875,-0.4375,0.12520644037889672,27,1712140664055
1514,-0.525390625,4.14453125,-0.4296875,0.12520644037889672,31,1712140664055
1514,-0.662109375,4.14453125,-0.580078125,0.12520644037889672,24,1712140664055
1514,-0.2578125,4.111328125,-0.19140625,0.25041288075779344,40,1712140664055
1514,-0.259765625,4.140625,-0.31640625,0.25041288075779344,56,1712140664055
1514,-0.26171875,4.1796875,-0.3046875,0.25041288075779344,39,1712140664055
1514,-0.2578125,4.111328125,-0.158203125,0.37561932113669017,60,1712140664055
1514,-0.259765625,4.150390625,-0.16796875,0.37561932113669017,81,1712140664055
1514,-0.26171875,4.181640625,-0.271484375,0.37561932113669017,53,1712140664055
1514,-0.2578125,4.115234375,0.015625,0.5008257615155869,41,1712140664055
1514,-0.259765625,4.15234375,-0.025390625,0.5008257615155869,55,1712140664055
1514,-0.26171875,4.189453125,-0.115234375,0.5008257615155869,34,1712140664055
1514,-0.2578125,4.115234375,0.05859375,0.6260322018944836,60,1712140664055
1514,-0.259765625,4.15234375,0.046875,0.6260322018944836,86,1712140664055
1514,-0.26171875,4.19140625,0.0625,0.6260322018944836,60,1712140664055
1514,-0.38671875,4.091796875,0.3359375,0.7512386422733803,32,1712140664055
1514,-0.259765625,4.140625,0.32421875,0.7512386422733803,47,1712140664055
1514,-0.26171875,4.185546875,0.2109375,0.7512386422733803,35,1712140664055
1514,-0.515625,3.9765625,-0.958984375,-0.12520644037889672,22,1712140664055
1514,-0.51953125,4.01171875,-0.974609375,-0.12520644037889672,35,1712140664055
1514,-0.525390625,4.060546875,-0.931640625,-0.12520644037889672,36,1712140664055
1514,-0.529296875,4.091796875,-0.96875,-0.12520644037889672,25,1712140664055
1515,-0.390625,4.12109375,-0.421875,0.0,22,1712140664155
1515,-0.39453125,4.14453125,-0.5546875,0.0,19,1712140664155
1515,-0.515625,4.08984375,-0.072265625,0.12520644037889672,26,1712140664155
1515,-0.390625,4.13671875,-0.236328125,0.12520644037889672,53,1712140664155
1515,-0.39453125,4.16796875,-0.328125,0.12520644037889672,50,1712140664155
1515,-0.529296875,4.1875,-0.3671875,0.12520644037889672,22,1712140664155
1515,-0.390625,4.142578125,0.041015625,0.25041288075779344,43,1712140664155
1515,-0.39453125,4.181640625,-0.0234375,0.25041288075779344,43,1712140664155
1515,-0.529296875,4.19921875,0.22265625,0.6260322018944836,32,1712140664155
1515,-0.53515625,4.236328125,0.220703125,0.6260322018944836,32,1712140664155
1515,-0.53515625,4.20703125,0.54296875,0.7512386422733803,21,1712140664155
1515,-0.64453125,4.03515625,-0.552734375,-0.12520644037889672,23,1712140664155
1515,-0.650390625,4.05078125,-0.69140625,-0.12520644037889672,28,1712140664155
1516,-0.80078125,4.142578125,-0.6875,0.0,31,1712140664255
1516,-0.943359375,4.15234375,-0.6953125,0.0,34,1712140664255
1516,-0.951171875,4.16015625,-0.857421875,0.0,21,1712140664255
1516,-0.80078125,4.193359375,-0.23046875,0.12520644037889672,22,1712140664255
1516,-0.662109375,4.09765625,-0.857421875,-0.25041288075779344,23,1712140664255
1516,-0.66796875,4.10546875,-0.990234375,-0.25041288075779344,38,1712140664255
1516,-0.80859375,4.07421875,-1.162109375,-0.25041288075779344,39,1712140664255
1516,-0.951171875,4.056640625,-1.255859375,-0.25041288075779344,26,1712140664255
1516,-0.662109375,4.107421875,-0.806640625,-0.12520644037889672,48,1712140664255
1516,-0.80078125,4.095703125,-0.927734375,-0.12520644037889672,75,1712140664255
1516,-0.80859375,4.119140625,-0.994140625,-0.12520644037889672,78,1712140664255
1516,-0.951171875,4.109375,-1.072265625,-0.12520644037889672,46,1712140664255
1517,-0.794921875,4.134765625,-0.470703125,0.0,15,1712140664356
1517,-0.80078125,4.150390625,-0.638671875,0.0,25,1712140664356
1517,-0.943359375,4.15234375,-0.6875,0.0,26,1712140664356
1517,-0.951171875,4.169921875,-0.798828125,0.0,16,1712140664356
1517,-0.65625,4.111328125,-0.544921875,0.12520644037889672,19,1712140664356
1517,-0.662109375,4.17578125,-0.283203125,-0.25041288075779344,29,1712140664356
1517,-0.66796875,4.119140625,-0.93359375,-0.25041288075779344,29,1712140664356
1517,-0.794921875,4.126953125,-0.544921875,-0.12520644037889672,31,1712140664356
1517,-0.80078125,4.11328125,-0.849609375,-0.12520644037889672,53,1712140664356
1517,-0.80859375,4.1015625,-1.064453125,-0.12520644037889672,54,1712140664356
1517,-0.951171875,4.0859375,-1.158203125,-0.12520644037889672,34,1712140664356
1518,-0.515625,4.087890625,0.14453125,0.0,13,1712140664456
1518,-0.390625,4.142578125,0.083984375,0.0,24,1712140664456
1518,-0.39453125,4.1796875,-0.056640625,0.0,22,1712140664456
1518,-0.515625,4.0859375,-0.19921875,-0.12520644037889672,23,1712140664456
1518,-0.51953125,4.125,-0.16015625,-0.12520644037889672,40,1712140664456
1518,-0.39453125,4.17578125,-0.20703125,-0.12520644037889672,35,1712140664456
1519,-0.38671875,4.103515625,-0.1171875,0.0,42,1712140664557
1519,-0.390625,4.140625,-0.10546875,0.0,68,1712140664557
1519,-0.39453125,4.177734375,-0.150390625,0.0,52,1712140664557
1519,-0.396484375,4.208984375,-0.28515625,0.0,17,1712140664557
1519,-0.38671875,4.03125,-0.77734375,-0.25041288075779344,28,1712140664557
1519,-0.259765625,4.0390625,-0.96875,-0.25041288075779344,42,1712140664557
1519,-0.39453125,3.9375,-1.40625,-0.25041288075779344,29,1712140664557
1519,-0.509765625,4.0234375,-0.4921875,-0.12520644037889672,20,1712140664557
1519,-0.38671875,4.08203125,-0.44140625,-0.12520644037889672,72,1712140664557
1519,-0.390625,4.11328125,-0.486328125,-0.12520644037889672,117,1712140664557
1519,-0.39453125,4.13671875,-0.603515625,-0.12520644037889672,94,1712140664557
1519,-0.396484375,4.150390625,-0.751953125,-0.12520644037889672,34,1712140664557
1520,-0.2578125,4.115234375,-0.037109375,-0.5008257615155869,47,1712140664657
1520,-0.259765625,4.15234375,-0.037109375,-0.5008257615155869,60,1712140664657
1520,-0.26171875,4.19140625,-0.01171875,-0.5008257615155869,39,1712140664657
1520,-0.255859375,4.076171875,0.064453125,-0.37561932113669017,26,1712140664657
1520,-0.2578125,4.11328125,0.146484375,-0.37561932113669017,70,1712140664657
1520,-0.259765625,4.150390625,0.171875,-0.37561932113669017,86,1712140664657
1520,-0.26171875,4.185546875,0.220703125,-0.37561932113669017,52,1712140664657
1520,-0.38671875,4.103515625,-0.119140625,-0.25041288075779344,49,1712140664657
1520,-0.259765625,4.15234375,0.0,-0.25041288075779344,59,1712140664657
1520,-0.26171875,4.19140625,0.01953125,-0.25041288075779344,37,1712140664657
1520,-0.38671875,4.103515625,-0.068359375,-0.12520644037889672,26,1712140664657
1520,-0.259765625,4.15234375,-0.017578125,-0.12520644037889672,31,1712140664657
1520,-0.65625,4.123046875,-0.453125,-0.12520644037889672,22,1712140664657
1521,-0.12890625,4.12109375,0.021484375,-0.37561932113669017,32,1712140664758
1521,-0.130859375,4.158203125,0.00390625,-0.37561932113669017,24,1712140664758
1521,-0.2578125,4.11328125,-0.130859375,-0.25041288075779344,28,1712140664758
1522,-0.251953125,4.0390625,0.0078125,0.0,21,1712140664858
1522,-0.255859375,4.076171875,-0.0625,0.0,35,1712140664858
1522,-0.2578125,4.111328125,-0.166015625,0.0,29,1712140664858
1522,-1.078125,4.142578125,-0.537109375,0.12520644037889672,18,1712140664858
1522,0.0,4.03515625,-0.638671875,-0.25041288075779344,31,1712140664858
1522,0.0,4.06640625,-0.681640625,-0.25041288075779344,24,1712140664858
1522,0.0,4.037109375,-0.263671875,-0.12520644037889672,37,1712140664858
1522,-0.126953125,4.072265625,-0.28515625,-0.12520644037889672,62,1712140664858
1522,-0.12890625,4.1015625,-0.41015625,-0.12520644037889672,50,1712140664858
1522,-0.779296875,4.087890625,0.044921875,-0.12520644037889672,23,1712140664858
1522,-0.65625,4.12109375,-0.47265625,-0.12520644037889672,22,1712140664858
1524,-0.650390625,4.109375,-0.10546875,0.0,15,1712140665059
1524,-0.255859375,4.076171875,-0.021484375,0.12520644037889672,24,1712140665059
1524,-0.51953125,4.119140625,-0.2890625,0.12520644037889672,21,1712140665059
1524,-0.525390625,4.158203125,-0.259765625,0.12520644037889672,22,1712140665059
1525,-0.255859375,4.056640625,-0.400390625,0.0,29,1712140665160
1525,-0.2578125,4.0859375,-0.484375,0.0,42,1712140665160
1525,-0.259765625,4.125,-0.486328125,0.0,32,1712140665160
1525,-0.39453125,4.1796875,-0.1328125,0.0,19,1712140665160
1525,-0.662109375,4.18359375,0.109375,0.0,20,1712140665160
1525,-0.3828125,4.06640625,-0.06640625,0.12520644037889672,49,1712140665160
1525,-0.38671875,4.10546875,-0.0546875,0.12520644037889672,64,1712140665160
1525,-0.259765625,4.15234375,0.068359375,0.12520644037889672,40,1712140665160
1525,-0.525390625,4.154296875,-0.31640625,0.12520644037889672,23,1712140665160
1525,-0.515625,4.080078125,0.287109375,0.25041288075779344,30,1712140665160
1525,-0.390625,4.13671875,0.20703125,0.25041288075779344,30,1712140665160
1525,-0.39453125,4.181640625,0.01171875,0.25041288075779344,26,1712140665160
1525,-0.38671875,4.056640625,0.626953125,0.37561932113669017,27,1712140665160
1525,-0.390625,4.111328125,0.515625,0.37561932113669017,37,1712140665160
1525,-0.529296875,4.185546875,-0.396484375,-0.25041288075779344,39,1712140665160
1525,-0.66796875,4.193359375,-0.49609375,-0.25041288075779344,38,1712140665160
1525,-0.673828125,4.21484375,-0.626953125,-0.25041288075779344,22,1712140665160
1525,-0.51953125,4.044921875,-0.828125,-0.12520644037889672,22,1712140665160
1525,-0.525390625,4.1171875,-0.642578125,-0.12520644037889672,35,1712140665160
1525,-0.529296875,4.1953125,-0.271484375,-0.12520644037889672,50,1712140665160
1525,-0.66796875,4.203125,-0.41796875,-0.12520644037889672,49,1712140665160
1525,-0.673828125,4.197265625,-0.736328125,-0.12520644037889672,34,1712140665160
1526,-0.3828125,4.064453125,-0.16015625,0.0,29,1712140665260
1526,-0.38671875,4.099609375,-0.1875,0.0,55,1712140665260
1526,-0.390625,4.13671875,-0.208984375,0.0,51,1712140665260
1526,-0.39453125,4.17578125,-0.205078125,0.0,24,1712140665260
1526,-0.943359375,4.169921875,-0.580078125,0.0,20,1712140665260
1526,-0.509765625,4.052734375,0.00390625,0.12520644037889672,58,1712140665260
1526,-0.38671875,4.10546875,-0.025390625,0.12520644037889672,114,1712140665260
1526,-0.390625,4.142578125,-0.021484375,0.12520644037889672,103,1712140665260
1526,-0.39453125,4.181640625,-0.037109375,0.12520644037889672,41,1712140665260
1526,-0.509765625,4.0390625,0.32421875,0.25041288075779344,37,1712140665260
1526,-0.515625,4.08203125,0.255859375,0.25041288075779344,72,1712140665260
1526,-0.390625,4.130859375,0.31640625,0.25041288075779344,64,1712140665260
1526,-0.39453125,4.173828125,0.244140625,0.25041288075779344,26,1712140665260
1526,-0.51953125,4.115234375,0.341796875,0.37561932113669017,39,1712140665260
1526,-0.525390625,4.158203125,0.2578125,0.37561932113669017,45,1712140665260
1526,-0.529296875,4.19921875,0.212890625,0.37561932113669017,22,1712140665260
1526,-0.51953125,4.076171875,0.658203125,0.5008257615155869,35,1712140665260
1526,-0.525390625,4.134765625,0.5078125,0.5008257615155869,34,1712140665260
1526,-0.529296875,4.181640625,-0.43359375,-0.37561932113669017,22,1712140665260
1526,-0.662109375,4.18359375,-0.115234375,-0.25041288075779344,30,1712140665260
1526,-0.53515625,4.2265625,-0.35546875,-0.25041288075779344,30,1712140665260
1526,-0.80078125,4.0546875,-1.095703125,-0.12520644037889672,37,1712140665260
1526,-0.80859375,4.115234375,-1.009765625,-0.12520644037889672,47,1712140665260
1527,-0.935546875,4.09375,-0.80078125,0.0,24,1712140665360
1527,-0.943359375,4.12109375,-0.861328125,0.0,28,1712140665360
1527,-0.951171875,4.123046875,-1.015625,0.0,17,1712140665360
1527,-0.779296875,4.07421875,-0.33203125,0.12520644037889672,26,1712140665360
1527,-0.787109375,4.119140625,-0.232421875,0.12520644037889672,28,1712140665360
1527,-0.80078125,4.064453125,-1.060546875,-0.25041288075779344,23,1712140665360
1527,-0.80859375,4.05859375,-1.220703125,-0.25041288075779344,25,1712140665360
1527,-0.794921875,4.052734375,-0.947265625,-0.12520644037889672,28,1712140665360
1527,-0.80078125,4.08203125,-0.9921875,-0.12520644037889672,59,1712140665360
1527,-0.80859375,4.1171875,-1.00390625,-0.12520644037889672,64,1712140665360
1527,-0.951171875,4.083984375,-1.16796875,-0.12520644037889672,36,1712140665360
1528,-0.638671875,4.03515625,0.029296875,0.12520644037889672,26,1712140665460
1528,-0.64453125,4.06640625,0.224609375,0.12520644037889672,49,1712140665460
1528,-0.650390625,4.107421875,0.1640625,0.12520644037889672,48,1712140665460
1528,-0.65625,4.146484375,-0.11328125,0.12520644037889672,26,1712140665460
1528,-0.650390625,4.109375,0.10546875,-0.37561932113669017,28,1712140665460
1528,-0.65625,4.1484375,0.03125,-0.37561932113669017,28,1712140665460
1528,-0.515625,4.08984375,-0.01953125,-0.25041288075779344,38,1712140665460
1528,-0.51953125,4.12890625,0.064453125,-0.25041288075779344,57,1712140665460
1528,-0.65625,4.14453125,0.15234375,-0.25041288075779344,46,1712140665460
1528,-0.509765625,4.05078125,-0.138671875,-0.12520644037889672,26,1712140665460
1528,-0.515625,4.087890625,-0.1484375,-0.12520644037889672,55,1712140665460
1528,-0.51953125,4.12890625,-0.05859375,-0.12520644037889672,60,1712140665460
1528,-0.525390625,4.1640625,0.150390625,-0.12520644037889672,34,1712140665460
1529,-0.515625,4.0859375,-0.205078125,0.0,17,1712140665561
1529,-0.7734375,4.048828125,-0.046875,0.12520644037889672,25,1712140665561
1529,-0.38671875,4.103515625,0.11328125,-0.5008257615155869,28,1712140665561
1529,-0.390625,4.140625,0.162109375,-0.5008257615155869,32,1712140665561
1529,-0.509765625,4.044921875,-0.240234375,-0.37561932113669017,31,1712140665561
1529,-0.38671875,4.099609375,-0.212890625,-0.37561932113669017,52,1712140665561
1529,-0.259765625,4.146484375,-0.236328125,-0.37561932113669017,41,1712140665561
1529,-0.3828125,4.06640625,0.09375,-0.25041288075779344,55,1712140665561
1529,-0.38671875,4.103515625,0.0703125,-0.25041288075779344,89,1712140665561
1529,-0.390625,4.142578125,0.009765625,-0.25041288075779344,69,1712140665561
1529,-0.26171875,4.189453125,-0.12109375,-0.25041288075779344,25,1712140665561
1529,-0.255859375,4.029296875,0.619140625,-0.12520644037889672,25,1712140665561
1529,-0.38671875,4.072265625,0.509765625,-0.12520644037889672,40,1712140665561
1529,-0.390625,4.125,0.38671875,-0.12520644037889672,30,1712140665561
1530,-0.935546875,4.06640625,-0.931640625,0.0,20,1712140665661
1530,-0.943359375,4.07421875,-1.0546875,0.0,27,1712140665661
1530,-0.951171875,4.072265625,-1.205078125,0.0,19,1712140665661
1530,-0.935546875,4.115234375,-0.685546875,0.12520644037889672,49,1712140665661
1530,-0.943359375,4.134765625,-0.7890625,0.12520644037889672,63,1712140665661
1530,-0.951171875,4.146484375,-0.916015625,0.12520644037889672,43,1712140665661
1530,-0.80078125,4.189453125,-0.29296875,0.25041288075779344,22,1712140665661
1530,-0.943359375,4.1875,-0.4375,0.25041288075779344,28,1712140665661
1530,-0.255859375,4.07421875,-0.130859375,-0.37561932113669017,34,1712140665661
1530,-0.12890625,4.119140625,-0.12890625,-0.37561932113669017,35,1712140665661
1530,-0.255859375,4.076171875,0.05859375,-0.25041288075779344,29,1712140665661
1530,-0.2578125,4.11328125,0.083984375,-0.25041288075779344,29,1712140665661
1531,-0.787109375,4.0625,-0.712890625,0.0,14,1712140665761
1531,-0.7734375,4.03125,-0.37890625,0.12520644037889672,20,1712140665761
1531,-0.779296875,4.05859375,-0.4921875,0.12520644037889672,32,1712140665761
1531,-0.65625,4.11328125,-0.53515625,0.12520644037889672,35,1712140665761
1531,-0.662109375,4.15625,-0.49609375,0.12520644037889672,25,1712140665761
1531,0.0,4.068359375,-0.37109375,-0.12520644037889672,19,1712140665761
1531,-0.515625,4.048828125,-0.580078125,-0.12520644037889672,17,1712140665761
1532,-0.515625,4.0078125,-0.8203125,0.12520644037889672,24,1712140665862
1532,-0.650390625,4.029296875,-0.806640625,0.12520644037889672,26,1712140665862
1532,-0.787109375,4.08984375,-0.53125,0.12520644037889672,19,1712140665862
1533,-0.935546875,4.109375,-0.720703125,0.0,25,1712140665962
1533,-0.943359375,4.1484375,-0.71484375,0.0,33,1712140665962
1533,-1.087890625,4.123046875,-0.8671875,0.0,20,1712140665962
1533,-0.80078125,3.9921875,-1.306640625,-0.25041288075779344,24,1712140665962
1533,-0.943359375,4.005859375,-1.29296875,-0.25041288075779344,28,1712140665962
1533,-0.662109375,4.072265625,-0.970703125,-0.12520644037889672,29,1712140665962
1533,-0.80078125,4.08984375,-0.953125,-0.12520644037889672,58,1712140665962
1533,-0.943359375,4.0859375,-1.01171875,-0.12520644037889672,68,1712140665962
1533,-0.81640625,4.14453125,-1.05078125,-0.12520644037889672,41,1712140665962
1534,-0.80859375,4.1640625,-0.78515625,0.0,16,1712140666063
1534,-0.529296875,4.134765625,-0.763671875,0.12520644037889672,23,1712140666063
1534,-0.529296875,4.10546875,-0.90625,-0.12520644037889672,22,1712140666063
1534,-0.80078125,4.08984375,-0.953125,-0.12520644037889672,24,1712140666063
1534,-0.943359375,4.103515625,-0.9375,-0.12520644037889672,28,1712140666063
1535,-0.662109375,4.138671875,-0.623046875,0.0,18,1712140666163
1535,-0.66796875,4.146484375,-0.80078125,0.0,25,1712140666163
1535,-0.943359375,4.142578125,-0.74609375,0.0,20,1712140666163
1535,-0.935546875,4.1328125,-0.568359375,0.12520644037889672,33,1712140666163
1535,-0.943359375,4.126953125,-0.83203125,0.12520644037889672,38,1712140666163
1535,-1.087890625,4.103515625,-0.95703125,0.12520644037889672,22,1712140666163
1535,-0.662109375,4.09375,-0.869140625,-0.12520644037889672,28,1712140666163
1535,-0.66796875,4.0546875,-1.1796875,-0.12520644037889672,38,1712140666163
1535,-0.673828125,4.09375,-1.1796875,-0.12520644037889672,29,1712140666163
1536,-0.39453125,4.103515625,-0.794921875,0.0,24,1712140666263
1536,-0.662109375,4.123046875,-0.71484375,0.0,26,1712140666263
1536,-0.66796875,4.125,-0.90625,0.0,30,1712140666263
1536,-0.80859375,4.107421875,-1.044921875,0.0,27,1712140666263
1536,-0.927734375,4.099609375,-0.54296875,0.12520644037889672,22,1712140666263
1536,-0.80078125,4.12890625,-0.7734375,0.12520644037889672,54,1712140666263
1536,-0.80859375,4.154296875,-0.8359375,0.12520644037889672,62,1712140666263
1536,-0.81640625,4.208984375,-0.74609375,0.12520644037889672,35,1712140666263
1536,-0.935546875,4.1328125,-0.56640625,0.25041288075779344,42,1712140666263
1536,-0.80859375,4.19921875,-0.5625,0.25041288075779344,54,1712140666263
1536,-0.81640625,4.248046875,-0.474609375,0.25041288075779344,33,1712140666263
1536,-0.390625,3.953125,-1.2421875,-0.25041288075779344,24,1712140666263
1536,-0.39453125,4.015625,-1.166015625,-0.25041288075779344,38,1712140666263
1536,-0.529296875,4.025390625,-1.212890625,-0.25041288075779344,28,1712140666263
1536,-0.390625,4.017578125,-1.009765625,-0.12520644037889672,28,1712140666263
1536,-0.39453125,4.0703125,-0.958984375,-0.12520644037889672,47,1712140666263
1536,-0.396484375,4.11328125,-0.939453125,-0.12520644037889672,39,1712140666263
1537,-0.390625,3.939453125,-1.283203125,-0.5008257615155869,30,1712140666364
1537,-0.26171875,4.01953125,-1.185546875,-0.5008257615155869,30,1712140666364
1537,-0.390625,4.01171875,-1.03125,-0.37561932113669017,28,1712140666364
1537,-0.26171875,4.080078125,-0.955078125,-0.37561932113669017,27,1712140666364
1539,-0.51953125,4.0234375,-0.9296875,-0.12520644037889672,23,1712140666565
1539,-1.078125,4.115234375,-0.71875,-0.12520644037889672,22,1712140666565
1540,-0.255859375,4.021484375,-0.66796875,0.0,16,1712140666665
1540,-0.2578125,4.064453125,-0.64453125,0.0,21,1712140666665
1540,-0.390625,4.09375,-0.6328125,0.0,18,1712140666665
1540,-1.05859375,4.103515625,0.0234375,0.0,17,1712140666665
1540,-1.068359375,4.138671875,-0.078125,0.0,35,1712140666665
1540,-1.078125,4.17578125,0.064453125,0.0,36,1712140666665
1540,-1.224609375,4.17578125,0.03125,0.0,17,1712140666665
1540,-0.126953125,4.076171875,-0.23828125,0.12520644037889672,36,1712140666665
1540,0.0,4.12109375,-0.12890625,0.12520644037889672,28,1712140666665
1540,-0.126953125,4.04296875,-0.125,0.25041288075779344,32,1712140666665
1540,0.0,4.083984375,-0.087890625,0.25041288075779344,45,1712140666665
1540,-0.12890625,4.119140625,0.091796875,0.25041288075779344,25,1712140666665
1540,-0.255859375,4.076171875,0.0625,0.37561932113669017,23,1712140666665
1540,-1.212890625,4.134765625,-0.193359375,-0.5008257615155869,25,1712140666665
1540,-1.359375,4.115234375,0.384765625,-0.37561932113669017,27,1712140666665
1540,-0.927734375,4.091796875,-0.599609375,-0.25041288075779344,33,1712140666665
1540,-0.935546875,4.123046875,-0.640625,-0.25041288075779344,67,1712140666665
1540,-0.943359375,4.1484375,-0.716796875,-0.25041288075779344,63,1712140666665
1540,-0.64453125,3.990234375,-0.81640625,-0.12520644037889672,33,1712140666665
1540,-0.650390625,4.017578125,-0.87109375,-0.12520644037889672,36,1712140666665
1540,-0.65625,4.05859375,-0.853515625,-0.12520644037889672,26,1712140666665
1540,-0.927734375,4.12109375,-0.326171875,-0.12520644037889672,41,1712140666665
1540,-1.068359375,4.130859375,-0.2890625,-0.12520644037889672,83,1712140666665
1540,-1.078125,4.16796875,-0.28515625,-0.12520644037889672,86,1712140666665
1540,-1.087890625,4.20703125,-0.25390625,-0.12520644037889672,43,1712140666665
1541,-0.787109375,4.123046875,-0.115234375,0.0,14,1712140666765
1541,-0.927734375,4.130859375,0.166015625,0.0,42,1712140666765
1541,-1.068359375,4.13671875,0.17578125,0.0,66,1712140666765
1541,-1.078125,4.17578125,0.083984375,0.0,51,1712140666765
1541,-1.087890625,4.212890625,0.041015625,0.0,18,1712140666765
1541,-0.2578125,4.09765625,-0.380859375,0.12520644037889672,29,1712140666765
1541,-0.390625,4.109375,-0.51953125,0.12520644037889672,24,1712140666765
1541,-0.935546875,4.169921875,0.11328125,0.12520644037889672,23,1712140666765
1541,-0.3828125,4.06640625,0.08984375,0.25041288075779344,26,1712140666765
1541,-0.38671875,4.10546875,-0.03515625,0.25041288075779344,38,1712140666765
1541,-0.390625,4.142578125,-0.060546875,0.25041288075779344,28,1712140666765
1541,-0.38671875,4.095703125,0.283203125,0.37561932113669017,25,1712140666765
1541,-1.203125,4.103515625,0.025390625,-0.6260322018944836,24,1712140666765
1541,-1.212890625,4.138671875,0.107421875,-0.6260322018944836,34,1712140666765
1541,-1.224609375,4.17578125,0.109375,-0.6260322018944836,29,1712140666765
1541,-1.203125,4.099609375,0.181640625,-0.5008257615155869,39,1712140666765
1541,-1.212890625,4.13671875,0.154296875,-0.5008257615155869,52,1712140666765
1541,-1.224609375,4.166015625,0.287109375,-0.5008257615155869,39,1712140666765
1541,-1.068359375,4.140625,0.03515625,-0.37561932113669017,45,1712140666765
1541,-1.078125,4.173828125,0.13671875,-0.37561932113669017,48,1712140666765
1541,-1.224609375,4.16015625,0.37109375,-0.37561932113669017,26,1712140666765
1541,-1.05859375,4.08984375,-0.31640625,-0.25041288075779344,62,1712140666765
1541,-0.935546875,4.16015625,-0.32421875,-0.25041288075779344,99,1712140666765
1541,-0.943359375,4.19921875,-0.296875,-0.25041288075779344,79,1712140666765
1541,-1.087890625,4.212890625,-0.123046875,-0.25041288075779344,29,1712140666765
1541,-0.91796875,4.08203125,-0.353515625,-0.12520644037889672,25,1712140666765
1541,-1.05859375,4.1015625,-0.076171875,-0.12520644037889672,77,1712140666765
1541,-0.935546875,4.169921875,-0.107421875,-0.12520644037889672,120,1712140666765
1541,-1.078125,4.17578125,-0.09765625,-0.12520644037889672,93,1712140666765
1541,-0.951171875,4.24609375,-0.0625,-0.12520644037889672,32,1712140666765
1542,-0.3828125,4.056640625,-0.30078125,0.0,35,1712140666866
1542,-0.38671875,4.09765625,-0.251953125,0.0,70,1712140666866
1542,-0.259765625,4.146484375,-0.25,0.0,70,1712140666866
1542,-0.525390625,4.1640625,-0.166015625,0.0,40,1712140666866
1542,-0.927734375,4.125,0.2890625,0.0,35,1712140666866
1542,-0.935546875,4.146484375,0.46484375,0.0,33,1712140666866
1542,-0.943359375,4.154296875,0.6796875,0.0,16,1712140666866
1542,-0.3828125,4.06640625,0.03125,0.12520644037889672,67,1712140666866
1542,-0.38671875,4.10546875,0.01171875,0.12520644037889672,132,1712140666866
1542,-0.390625,4.142578125,-0.01953125,0.12520644037889672,125,1712140666866
1542,-0.39453125,4.1796875,-0.072265625,0.12520644037889672,58,1712140666866
1542,-0.509765625,4.041015625,0.306640625,0.25041288075779344,37,1712140666866
1542,-0.38671875,4.095703125,0.259765625,0.25041288075779344,75,1712140666866
1542,-0.51953125,4.125,0.19140625,0.25041288075779344,72,1712140666866
1542,-0.39453125,4.1796875,0.10546875,0.25041288075779344,33,1712140666866
1542,-0.927734375,4.130859375,0.185546875,-0.6260322018944836,41,1712140666866
1542,-0.935546875,4.166015625,0.21875,-0.6260322018944836,51,1712140666866
1542,-1.078125,4.1640625,0.3359375,-0.6260322018944836,34,1712140666866
1542,-1.05859375,4.0859375,0.380859375,-0.5008257615155869,41,1712140666866
1542,-1.068359375,4.123046875,0.37109375,-0.5008257615155869,50,1712140666866
1542,-0.943359375,4.19140625,0.388671875,-0.5008257615155869,33,1712140666866
1542,-1.05859375,4.1015625,-0.134765625,-0.37561932113669017,40,1712140666866
1542,-1.068359375,4.138671875,-0.072265625,-0.37561932113669017,39,1712140666866
1542,-1.05859375,4.0703125,0.51953125,-0.25041288075779344,35,1712140666866
1542,-1.068359375,4.12890625,0.294921875,-0.25041288075779344,35,1712140666866
1542,-0.794921875,4.146484375,-0.36328125,-0.12520644037889672,36,1712140666866
1542,-0.935546875,4.16015625,-0.310546875,-0.12520644037889672,34,1712140666866
1543,-0.650390625,4.109375,0.044921875,0.0,15,1712140666966
1543,-0.787109375,4.125,0.044921875,0.0,17,1712140666966
1543,-0.794921875,4.15625,0.2421875,0.0,14,1712140666966
1544,-0.38671875,4.1015625,-0.1640625,0.0,20,1712140667066
1544,-0.650390625,4.109375,-0.095703125,0.0,21,1712140667066
1544,-0.787109375,4.119140625,-0.234375,0.0,25,1712140667066
1544,-0.794921875,4.15234375,-0.296875,0.0,25,1712140667066
1544,-0.650390625,4.103515625,-0.21875,0.12520644037889672,29,1712140667066
1544,-0.787109375,4.125,0.01953125,0.12520644037889672,57,1712140667066
1544,-0.662109375,4.185546875,0.044921875,0.12520644037889672,52,1712140667066
1544,-0.779296875,4.06640625,0.40625,0.25041288075779344,25,1712140667066
1544,-0.787109375,4.10546875,0.396484375,0.25041288075779344,54,1712140667066
1544,-0.794921875,4.146484375,0.375,0.25041288075779344,49,1712140667066
1544,-0.650390625,4.109375,-0.02734375,-0.37561932113669017,31,1712140667066
1544,-0.525390625,4.166015625,-0.0234375,-0.37561932113669017,37,1712140667066
1544,-0.529296875,4.203125,0.064453125,-0.37561932113669017,24,1712140667066
1544,-0.51953125,4.1015625,0.46484375,-0.25041288075779344,34,1712140667066
1544,-0.65625,4.123046875,0.45703125,-0.25041288075779344,44,1712140667066
1544,-0.662109375,4.158203125,0.474609375,-0.25041288075779344,31,1712140667066
1544,-0.3828125,4.052734375,-0.33984375,-0.12520644037889672,25,1712140667066
1544,-0.38671875,4.078125,-0.46484375,-0.12520644037889672,46,1712140667066
1544,-0.390625,4.09375,-0.63671875,-0.12520644037889672,37,1712140667066
1545,-0.515625,4.0625,0.478515625,0.0,18,1712140667167
1545,-0.51953125,4.125,0.1640625,0.0,12,1712140667167
1545,-0.91796875,3.994140625,-0.919921875,0.0,16,1712140667167
1545,-0.927734375,4.0859375,-0.6328125,0.0,26,1712140667167
1545,-0.935546875,4.109375,-0.716796875,0.0,20,1712140667167
1545,-1.05859375,4.08984375,-0.333984375,0.25041288075779344,33,1712140667167
1545,-0.91796875,4.09765625,0.0859375,0.37561932113669017,59,1712140667167
1545,-0.927734375,4.134765625,-0.046875,0.37561932113669017,103,1712140667167
1545,-0.935546875,4.171875,-0.08984375,0.37561932113669017,82,1712140667167
1545,-0.943359375,4.205078125,-0.205078125,0.37561932113669017,29,1712140667167
1545,-0.91796875,4.083984375,0.32421875,0.5008257615155869,59,1712140667167
1545,-0.927734375,4.123046875,0.310546875,0.5008257615155869,99,1712140667167
1545,-0.935546875,4.1640625,0.25,0.5008257615155869,78,1712140667167
1545,-0.943359375,4.201171875,0.251953125,0.5008257615155869,30,1712140667167
1545,-0.794921875,4.130859375,0.5078125,0.7512386422733803,28,1712140667167
1545,-0.935546875,4.146484375,0.4609375,0.7512386422733803,25,1712140667167
1545,-0.38671875,4.103515625,0.078125,-0.6260322018944836,34,1712140667167
1545,-0.51953125,4.126953125,0.12890625,-0.6260322018944836,37,1712140667167
1545,-0.525390625,4.162109375,0.208984375,-0.6260322018944836,22,1712140667167
1545,-0.509765625,4.05078125,0.130859375,-0.5008257615155869,25,1712140667167
1545,-0.515625,4.0859375,0.193359375,-0.5008257615155869,46,1712140667167
1545,-0.51953125,4.119140625,0.28125,-0.5008257615155869,43,1712140667167
1545,-0.3828125,4.064453125,-0.150390625,-0.37561932113669017,60,1712140667167
1545,-0.38671875,4.1015625,-0.154296875,-0.37561932113669017,94,1712140667167
1545,-0.390625,4.140625,-0.13671875,-0.37561932113669017,70,1712140667167
1545,-0.26171875,4.185546875,-0.216796875,-0.37561932113669017,23,1712140667167
1545,-0.505859375,4.013671875,0.111328125,-0.25041288075779344,24,1712140667167
1545,-0.509765625,4.05078125,0.13671875,-0.25041288075779344,90,1712140667167
1545,-0.38671875,4.103515625,0.09765625,-0.25041288075779344,145,1712140667167
1545,-0.390625,4.142578125,0.0546875,-0.25041288075779344,112,1712140667167
1545,-0.39453125,4.1796875,-0.111328125,-0.25041288075779344,46,1712140667167
1545,-0.3828125,4.060546875,0.2421875,-0.12520644037889672,32,1712140667167
1545,-0.38671875,4.099609375,0.22265625,-0.12520644037889672,53,1712140667167
1545,-0.51953125,4.12890625,0.044921875,-0.12520644037889672,51,1712140667167
1545,-0.525390625,4.16015625,-0.232421875,-0.12520644037889672,38,1712140667167
1546,-0.927734375,4.060546875,-0.78515625,0.0,26,1712140667267
1546,-0.935546875,4.099609375,-0.771484375,0.0,41,1712140667267
1546,-0.943359375,4.125,-0.837890625,0.0,32,1712140667267
1546,-0.779296875,4.072265625,-0.3515625,0.12520644037889672,19,1712140667267
1546,-0.91796875,4.064453125,-0.513671875,0.12520644037889672,32,1712140667267
1546,-1.05859375,4.080078125,-0.439453125,0.12520644037889672,72,1712140667267
1546,-0.935546875,4.146484375,-0.466796875,0.12520644037889672,105,1712140667267
1546,-0.943359375,4.1796875,-0.494140625,0.12520644037889672,78,1712140667267
1546,-0.951171875,4.21875,-0.48046875,0.12520644037889672,26,1712140667267
1546,-1.05078125,4.064453125,-0.12109375,0.25041288075779344,28,1712140667267
1546,-1.05859375,4.099609375,-0.177734375,0.25041288075779344,90,1712140667267
1546,-1.068359375,4.134765625,-0.197265625,0.25041288075779344,140,1712140667267
1546,-1.078125,4.171875,-0.205078125,0.25041288075779344,104,1712140667267
1546,-0.951171875,4.244140625,-0.125,0.25041288075779344,35,1712140667267
1546,-1.05859375,4.099609375,0.177734375,0.37561932113669017,45,1712140667267
1546,-1.068359375,4.138671875,0.099609375,0.37561932113669017,71,1712140667267
1546,-1.078125,4.17578125,0.04296875,0.37561932113669017,54,1712140667267
1546,-1.068359375,4.140625,0.025390625,0.5008257615155869,36,1712140667267
1546,-0.943359375,4.208984375,-0.08984375,0.5008257615155869,39,1712140667267
1546,-1.068359375,4.134765625,0.1953125,0.6260322018944836,40,1712140667267
1546,-1.078125,4.173828125,0.1640625,0.6260322018944836,43,1712140667267
1546,-1.203125,4.091796875,0.30859375,0.7512386422733803,24,1712140667267
1546,-1.212890625,4.125,0.33984375,0.7512386422733803,25,1712140667267
1546,-1.212890625,4.126953125,0.330078125,0.876445082652277,24,1712140667267
1546,-0.251953125,4.037109375,0.087890625,-0.5008257615155869,25,1712140667267
1546,-0.255859375,4.076171875,0.033203125,-0.5008257615155869,49,1712140667267
1546,-0.2578125,4.115234375,0.021484375,-0.5008257615155869,48,1712140667267
1546,-0.390625,4.142578125,-0.09765625,-0.5008257615155869,23,1712140667267
1546,-0.251953125,4.03515625,0.158203125,-0.37561932113669017,36,1712140667267
1546,-0.255859375,4.07421875,0.126953125,-0.37561932113669017,63,1712140667267
1546,-0.2578125,4.11328125,0.08203125,-0.37561932113669017,55,1712140667267
1546,-0.390625,4.142578125,-0.037109375,-0.37561932113669017,23,1712140667267
1546,-0.255859375,4.076171875,0.103515625,-0.25041288075779344,40,1712140667267
1546,-0.38671875,4.10546875,0.017578125,-0.25041288075779344,36,1712140667267
1546,-0.64453125,4.052734375,-0.408203125,-0.12520644037889672,25,1712140667267
1546,-0.650390625,4.07421875,-0.541015625,-0.12520644037889672,27,1712140667267
1546,-0.525390625,4.130859375,-0.546875,-0.12520644037889672,26,1712140667267
1547,-0.255859375,4.06640625,0.294921875,0.0,15,1712140667368
1547,-0.126953125,4.044921875,-0.0546875,-0.25041288075779344,37,1712140667368
1547,-0.126953125,4.080078125,-0.1328125,-0.25041288075779344,41,1712140667368
1547,-0.12890625,4.119140625,-0.095703125,-0.25041288075779344,24,1712140667368
1547,-0.126953125,4.04296875,0.103515625,-0.12520644037889672,30,1712140667368
1547,-0.126953125,4.08203125,0.115234375,-0.12520644037889672,38,1712140667368
1547,-0.2578125,4.109375,0.197265625,-0.12520644037889672,25,1712140667368
1549,-0.51953125,4.078125,-0.64453125,0.12520644037889672,17,1712140667569
1549,-0.39453125,4.138671875,-0.58984375,0.12520644037889672,21,1712140667569
1550,-0.39453125,4.103515625,-0.796875,0.12520644037889672,26,1712140667669
1550,-0.529296875,4.150390625,-0.666015625,0.12520644037889672,24,1712140667669
1551,-1.087890625,4.029296875,-1.236328125,-0.25041288075779344,23,1712140667770
1552,-0.65625,4.017578125,-1.029296875,0.0,21,1712140667869
1552,-0.662109375,4.095703125,-0.865234375,0.0,27,1712140667869
1552,-0.66796875,4.12109375,-0.921875,0.0,26,1712140667869
1552,-0.80859375,4.095703125,-1.0859375,0.0,19,1712140667869
1552,-0.80078125,4.123046875,-0.794921875,0.12520644037889672,35,1712140667869
1552,-0.80859375,4.15625,-0.822265625,0.12520644037889672,35,1712140667869
1552,-0.80078125,4.173828125,-0.462890625,0.25041288075779344,25,1712140667869
1552,-0.943359375,4.169921875,-0.568359375,0.25041288075779344,25,1712140667869
1552,-0.529296875,4.02734375,-1.205078125,-0.25041288075779344,23,1712140667869
1552,-0.650390625,3.87890625,-1.35546875,-0.12520644037889672,29,1712140667869
1552,-0.525390625,3.951171875,-1.32421875,-0.12520644037889672,44,1712140667869
1552,-0.662109375,4.013671875,-1.1875,-0.12520644037889672,42,1712140667869
1553,-0.64453125,4.025390625,-0.623046875,0.0,21,1712140667970
1553,-0.650390625,4.044921875,-0.728515625,0.0,26,1712140667970
1553,-0.65625,4.107421875,-0.58203125,0.0,24,1712140667970
1553,-0.662109375,4.15234375,-0.51953125,0.0,19,1712140667970
1553,-0.650390625,4.076171875,-0.533203125,0.12520644037889672,22,1712140667970
1553,-0.525390625,4.107421875,-0.693359375,0.12520644037889672,20,1712140667970
1553,-0.64453125,3.884765625,-1.22265625,-0.25041288075779344,20,1712140667970
1553,-0.51953125,3.927734375,-1.271484375,-0.25041288075779344,29,1712140667970
1553,-0.525390625,3.98828125,-1.208984375,-0.25041288075779344,22,1712140667970
1553,-0.509765625,3.986328125,-0.73046875,-0.12520644037889672,23,1712140667970
1553,-0.515625,4.001953125,-0.84375,-0.12520644037889672,52,1712140667970
1553,-0.51953125,4.0,-1.0234375,-0.12520644037889672,68,1712140667970
1553,-0.525390625,4.041015625,-1.017578125,-0.12520644037889672,55,1712140667970
1553,-0.662109375,4.130859375,-0.673828125,-0.12520644037889672,27,1712140667970
1554,-0.638671875,3.994140625,-0.57421875,0.0,15,1712140668070
1554,-0.64453125,4.01953125,-0.6484375,0.0,34,1712140668070
1554,-0.650390625,4.048828125,-0.703125,0.0,44,1712140668070
1554,-0.65625,4.078125,-0.76171875,0.0,36,1712140668070
1554,-0.662109375,4.10546875,-0.8125,0.0,21,1712140668070
1554,-0.64453125,3.818359375,-1.41796875,-0.25041288075779344,29,1712140668070
1554,-0.51953125,3.890625,-1.37890625,-0.25041288075779344,42,1712140668070
1554,-0.65625,3.8984375,-1.419921875,-0.25041288075779344,40,1712140668070
1554,-0.529296875,3.91015625,-1.54296875,-0.25041288075779344,25,1712140668070
1554,-0.765625,3.921875,-0.84375,-0.12520644037889672,28,1712140668070
1554,-0.64453125,3.955078125,-0.970703125,-0.12520644037889672,67,1712140668070
1554,-0.650390625,3.98046875,-1.01953125,-0.12520644037889672,89,1712140668070
1554,-0.65625,4.009765625,-1.05859375,-0.12520644037889672,76,1712140668070
1554,-0.662109375,4.025390625,-1.146484375,-0.12520644037889672,41,1712140668070
1555,-0.7578125,3.927734375,-0.611328125,0.0,23,1712140668171
1555,-0.638671875,4.0,-0.525390625,0.0,66,1712140668171
1555,-0.64453125,4.03515625,-0.544921875,0.0,113,1712140668171
1555,-0.779296875,4.048828125,-0.560546875,0.0,102,1712140668171
1555,-0.65625,4.09375,-0.662109375,0.0,43,1712140668171
1555,-1.32421875,4.0,0.44921875,0.0,18,1712140668171
1555,-1.068359375,4.140625,-0.005859375,0.0,33,1712140668171
1555,-1.212890625,4.130859375,-0.26953125,0.0,21,1712140668171
1555,-1.203125,4.044921875,-0.6875,-0.37561932113669017,35,1712140668171
1555,-1.212890625,4.095703125,-0.607421875,-0.37561932113669017,31,1712140668171
1555,-0.509765625,3.93359375,-0.97265625,-0.25041288075779344,70,1712140668171
1555,-0.515625,3.958984375,-1.02734375,-0.25041288075779344,123,1712140668171
1555,-0.650390625,3.974609375,-1.046875,-0.25041288075779344,116,1712140668171
1555,-0.525390625,3.912109375,-1.431640625,-0.25041288075779344,44,1712140668171
1555,-1.19140625,4.0546875,-0.30859375,-0.25041288075779344,55,1712140668171
1555,-1.203125,4.080078125,-0.431640625,-0.25041288075779344,94,1712140668171
1555,-1.212890625,4.126953125,-0.326171875,-0.25041288075779344,75,1712140668171
1555,-1.224609375,4.166015625,-0.287109375,-0.25041288075779344,30,1712140668171
1555,-0.505859375,3.978515625,-0.544921875,-0.12520644037889672,43,1712140668171
1555,-0.638671875,3.962890625,-0.7578125,-0.12520644037889672,121,1712140668171
1555,-0.64453125,3.994140625,-0.798828125,-0.12520644037889672,207,1712140668171
1555,-0.650390625,4.03125,-0.802734375,-0.12520644037889672,192,1712140668171
1555,-0.525390625,4.03515625,-1.041015625,-0.12520644037889672,77,1712140668171
1555,-1.19140625,4.06640625,0.044921875,-0.12520644037889672,51,1712140668171
1555,-1.203125,4.099609375,-0.1875,-0.12520644037889672,86,1712140668171
1555,-1.212890625,4.13671875,-0.13671875,-0.12520644037889672,60,1712140668171
1555,1.32421875,0.396484375,4.005859375,0.0,10,1712140668171
1556,-0.7734375,4.0390625,-0.287109375,0.0,29,1712140668270
1556,-0.650390625,4.095703125,-0.337890625,0.0,33,1712140668270
1556,-1.3125,3.9765625,0.314453125,0.0,33,1712140668270
1556,-1.05859375,4.1015625,0.0859375,0.0,100,1712140668270
1556,-1.068359375,4.140625,-0.005859375,0.0,98,1712140668270
1556,-1.078125,4.17578125,-0.0390625,0.0,41,1712140668270
1556,-1.181640625,4.029296875,0.03515625,-0.37561932113669017,32,1712140668270
1556,-1.05859375,4.103515625,-0.017578125,-0.37561932113669017,79,1712140668270
1556,-1.068359375,4.138671875,-0.10546875,-0.37561932113669017,93,1712140668270
1556,-1.078125,4.171875,-0.1953125,-0.37561932113669017,56,1712140668270
1556,-0.7734375,3.9609375,-0.84375,-0.25041288075779344,33,1712140668270
1556,-0.650390625,4.009765625,-0.900390625,-0.25041288075779344,41,1712140668270
1556,-1.05078125,4.064453125,-0.123046875,-0.25041288075779344,48,1712140668270
1556,-1.05859375,4.1015625,-0.134765625,-0.25041288075779344,132,1712140668270
1556,-1.068359375,4.138671875,-0.115234375,-0.25041288075779344,155,1712140668270
1556,-0.943359375,4.208984375,-0.0546875,-0.25041288075779344,88,1712140668270
1556,-0.7734375,4.01953125,-0.501953125,-0.12520644037889672,54,1712140668270
1556,-0.650390625,4.064453125,-0.609375,-0.12520644037889672,66,1712140668270
1556,-1.181640625,4.01953125,-0.275390625,-0.12520644037889672,58,1712140668270
1556,-1.05859375,4.09765625,-0.205078125,-0.12520644037889672,181,1712140668270
1556,-1.068359375,4.134765625,-0.201171875,-0.12520644037889672,185,1712140668270
1556,-0.943359375,4.20703125,-0.130859375,-0.12520644037889672,88,1712140668270
